"id","title","description","fee","provider_id","timestamp","tag"
"2","hi","1234","23.6","1","20230726184328","cleaning"
"3","helloworld","12345","45","2","20230726184332","maintenance"
"335659010","Auto repair ","Ten-year-skilled engineer.","50","1","20230726195447","cleaning"
"381693953","Auto repair servi","Ten-year-skilled engineer.","50","1","20230726184339","laundry"
"1241640961","Auto repair service. ","Ten-year-skilled engineer.","50","1","20230726194630","maintenance"
"1505800194","Auto repair s","Ten-year-skilled engineer.","50","2","20230726194101","laundry"
"1685366600003256321","Auto repair ser","Ten-year-skilled engineer.","50","1","20230729200805","landscaping"
"1692494983187148801","Auto repair serv","Ten-year-skilled engineer.","50","1","1692357223695","landscaping"
"1692495530229248002","cleaning","pat best","123","1692492102744682498","1692357354118","cleaning"
"1692496981018030082","Cleaning your house!","Choose me!","10","1692496858527576065","1692357700011","cleaning"
"1692497234718896129","Maintenace your beatiful house!","Cheap and effective hello hello hello hello hello go","20","1692496858527576065","1692357760504","maintenance"
"1692497267858092034","cleaning 2","trust me.","233","1692492102744682498","1692357768402","cleaning"
"1692507090335051778","Garden landscaping","Make your garden a beautiful amazing park! Please Choose me! Choose me! Choose me!12321f!!","50","1692496858527576065","1692360110264","landscaping"
"1692521821447938049","Time to LAUNDRY!","Make your DIRTY cloth almost new one!
*Best laundry shop in 2023!*","10","1692496858527576065","1692363622426","laundry"
"1692522055414603777","Sunday laundry","Sunday laundry","8","1692496858527576065","1692363678211","laundry"
